artist,album,release_type,review_source,review_url,review_date,raw_score,normalized_score_10,genre_bucket,subgenre,status,manual_check_reason
Unknown Artist,Lost Weekend,album,Album of the Year,https://www.albumoftheyear.org/album/1884687-phoebe-bridgers-lost-weekend.php,,,,Unknown,,aggregator_find,
Unknown Artist,Sunshine,album,Album of the Year,https://www.albumoftheyear.org/album/1741532-jungle-sunshine.php,,,,Unknown,,aggregator_find,
Unknown Artist,fata morgana,album,Album of the Year,https://www.albumoftheyear.org/album/1861854-lrain-fata-morgana.php,,,,Unknown,,aggregator_find,
Unknown Artist,Massive Champion,album,Album of the Year,https://www.albumoftheyear.org/album/1829781-getdown-services-massive-champion.php,,,,Unknown,,aggregator_find,
Unknown Artist,Alien Metal,album,Album of the Year,https://www.albumoftheyear.org/album/1907223-king-gizzard-the-lizard-wizard-alien-metal.php,,,,Unknown,,aggregator_find,
Unknown Artist,Lost in Another World,album,Album of the Year,https://www.albumoftheyear.org/album/1922762-james-ellis-ford-lost-in-another-world.php,,,,Unknown,,aggregator_find,
Unknown Artist,The Womack Sisters,album,Album of the Year,https://www.albumoftheyear.org/album/1807642-the-womack-sisters-the-womack-sisters.php,,,,Unknown,,aggregator_find,
One Assassination Under God,Chapter 2,album,Album of the Year,https://www.albumoftheyear.org/album/1600602-marilyn-manson-one-assassination-under-god-chapter-2.php,,,,Unknown,,aggregator_find,
Unknown Artist,FACE OF THE 5,album,Album of the Year,https://www.albumoftheyear.org/album/1926572-okgutta-face-of-the-5.php,,,,Unknown,,aggregator_find,
Unknown Artist,祝おう [Celebrate],album,Album of the Year,https://www.albumoftheyear.org/album/1945431-mass-of-the-fermenting-dregs--celebrate.php,,,,Unknown,,aggregator_find,
Unknown Artist,Starrgirl,album,Album of the Year,https://www.albumoftheyear.org/album/1777840-ayra-starr-starrgirl.php,,,,Unknown,,aggregator_find,
Unknown Artist,LA NUEVA VIOLENCIA,album,Album of the Year,https://www.albumoftheyear.org/album/1929866-dillom-la-nueva-violencia.php,,,,Unknown,,aggregator_find,
Unknown Artist,You Say I Romanticize,album,Album of the Year,https://www.albumoftheyear.org/album/1828657-sweeping-promises-you-say-i-romanticize.php,,,,Unknown,,aggregator_find,
Unknown Artist,Temple Songs,album,Album of the Year,https://www.albumoftheyear.org/album/1827795-laura-veirs-temple-songs.php,,,,Unknown,,aggregator_find,
Unknown Artist,Wild Love,album,Album of the Year,https://www.albumoftheyear.org/album/1884831-nina-winder-lind-wild-love.php,,,,Unknown,,aggregator_find,
Unknown Artist,Big World,album,Album of the Year,https://www.albumoftheyear.org/album/1818160-hovvdy-big-world.php,,,,Unknown,,aggregator_find,
Unknown Artist,Bloodhorse!,album,Album of the Year,https://www.albumoftheyear.org/album/1854225-grace-cummings-bloodhorse.php,,,,Unknown,,aggregator_find,
Unknown Artist,dinnermode,album,Album of the Year,https://www.albumoftheyear.org/album/1943987-sumin-dinnermode.php,,,,Unknown,,aggregator_find,
Unknown Artist,Gingerbee At Thalia Hall,album,Album of the Year,https://www.albumoftheyear.org/album/1962089-gingerbee-gingerbee-at-thalia-hall.php,,,,Unknown,,aggregator_find,
Unknown Artist,Blowin' Up,album,Album of the Year,https://www.albumoftheyear.org/album/1830616-kiwi-jr-blowin-up.php,,,,Unknown,,aggregator_find,
Unknown Artist,Comes In Waves,album,Album of the Year,https://www.albumoftheyear.org/album/1865733-carly-simon-comes-in-waves.php,,,,Unknown,,aggregator_find,
Unknown Artist,goldenboy,album,Album of the Year,https://www.albumoftheyear.org/album/1412136-len-goldenboy.php,,,,Unknown,,aggregator_find,
Unknown Artist,Lost Weekend [Physical Release],album,Album of the Year,https://www.albumoftheyear.org/album/1965308-phoebe-bridgers-lost-weekend-physical-release.php,,,,Unknown,,aggregator_find,
Unknown Artist,The Beautiful Rebellion,album,Album of the Year,https://www.albumoftheyear.org/album/1903151-sk8star-the-beautiful-rebellion.php,,,,Unknown,,aggregator_find,
Unknown Artist,louder than love,album,Album of the Year,https://www.albumoftheyear.org/album/1528734-tdf-louder-than-love.php,,,,Unknown,,aggregator_find,
Unknown Artist,92 Lost Weekend,album,Metacritic,https://www.metacritic.com/music/lost-weekend/phoebe-bridgers,,,,Unknown,,aggregator_find,
Unknown Artist,84 The Womack Sisters,album,Metacritic,https://www.metacritic.com/music/the-womack-sisters/the-womack-sisters,,,,Unknown,,aggregator_find,
Unknown Artist,"82 Music, Fashion, Film",album,Metacritic,https://www.metacritic.com/music/music-fashion-film/charli-xcx,,,,Unknown,,aggregator_find,
Unknown Artist,67 petal,album,Metacritic,https://www.metacritic.com/music/petal/ariana-grande,,,,Unknown,,aggregator_find,
Unknown Artist,15 Playing With Fire,album,Metacritic,https://www.metacritic.com/music/playing-with-fire/kevin-federline,,,,Unknown,,aggregator_find,
Unknown Artist,THRASHER,album,Metacritic,https://www.metacritic.com/music/thrasher/brandon-flowers,,,,Unknown,,aggregator_find,
Unknown Artist,Punching The Clown,album,Metacritic,https://www.metacritic.com/music/punching-the-clown/lambchop,,,,Unknown,,aggregator_find,
Unknown Artist,It Goes On,album,Metacritic,https://www.metacritic.com/music/it-goes-on/westside-cowboy,,,,Unknown,,aggregator_find,
Unknown Artist,Gravest Gravy,album,Metacritic,https://www.metacritic.com/music/gravest-gravy/the-cramps,,,,Unknown,,aggregator_find,
Unknown Artist,Sunshine,album,Metacritic,https://www.metacritic.com/music/sunshine/jungle,,,,Unknown,,aggregator_find,
Unknown Artist,Massive Champion,album,Metacritic,https://www.metacritic.com/music/massive-champion/getdown-services,,,,Unknown,,aggregator_find,
Unknown Artist,Temple Songs,album,Metacritic,https://www.metacritic.com/music/temple-songs/laura-veirs,,,,Unknown,,aggregator_find,
Unknown Artist,Lost In Another World,album,Metacritic,https://www.metacritic.com/music/lost-in-another-world/james-ellis-ford,,,,Unknown,,aggregator_find,
Unknown Artist,fata morgana,album,Metacritic,https://www.metacritic.com/music/fata-morgana/lrain,,,,Unknown,,aggregator_find,
Unknown Artist,Blowin' Up,album,Metacritic,https://www.metacritic.com/music/blowin-up/kiwi-jr,,,,Unknown,,aggregator_find,
Unknown Artist,You Say I Romanticize,album,Metacritic,https://www.metacritic.com/music/you-say-i-romanticize/sweeping-promises,,,,Unknown,,aggregator_find,
Unknown Artist,Bloodhorse!,album,Metacritic,https://www.metacritic.com/music/bloodhorse!/grace-cummings,,,,Unknown,,aggregator_find,
Unknown Artist,THERAPY AT THE CLUB,album,Metacritic,https://www.metacritic.com/music/therapy-at-the-club/flo,,,,Unknown,,aggregator_find,
Unknown Artist,Cathedral,album,Metacritic,https://www.metacritic.com/music/cathedral/john-carpenter,,,,Unknown,,aggregator_find,
Unknown Artist,I Am Both,album,Metacritic,https://www.metacritic.com/music/i-am-both/margaret-glaspy,,,,Unknown,,aggregator_find,
Unknown Artist,Cannonball,album,Metacritic,https://www.metacritic.com/music/cannonball/manwomanchainsaw,,,,Unknown,,aggregator_find,
Unknown Artist,Blue Island,album,Metacritic,https://www.metacritic.com/music/blue-island/ravyn-lenae,,,,Unknown,,aggregator_find,
Unknown Artist,Halcyon Blues,album,Metacritic,https://www.metacritic.com/music/halcyon-blues/citizen,,,,Unknown,,aggregator_find,
Unknown Artist,Pure Devotion,album,Metacritic,https://www.metacritic.com/music/pure-devotion/overmono,,,,Unknown,,aggregator_find,
Unknown Artist,Chuck Timely & The Hourglass,album,Metacritic,https://www.metacritic.com/music/chuck-timely-the-hourglass/role-model,,,,Unknown,,aggregator_find,
